id,name,localized_name,primary_attr,attack_type,roles,img,icon,base_health,base_health_regen,base_mana,base_mana_regen,base_armor,base_mr,base_attack_min,base_attack_max,base_str,base_agi,base_int,str_gain,agi_gain,int_gain,attack_range,projectile_speed,attack_rate,move_speed,turn_rate,cm_enabled,legs,hero_id,turbo_picks,turbo_wins,pro_ban,pro_win,pro_pick,1_pick,1_win,2_pick,2_win,3_pick,3_win,4_pick,4_win,5_pick,5_win,6_pick,6_win,7_pick,7_win,8_pick,8_win,null_pick,null_win
1,npc_dota_hero_antimage,Anti-Mage,agi,Melee,"['Carry', 'Escape', 'Nuker']",/apps/dota2/images/dota_react/heroes/antimage.png?,/apps/dota2/images/dota_react/heroes/icons/antimage.png?,200,0.25,75,0.0,0.0,25,29,33,23,24,12,1.6,2.8,1.8,150,0,1.4,310,,True,2,1,207810,106162,260.0,49.0,92.0,30093,15383,46945,24300,52247,26985,42875,22374,25360,13190,11701,6064,5538,2810,1843,921,2017772,0
2,npc_dota_hero_axe,Axe,str,Melee,"['Initiator', 'Durable', 'Disabler', 'Jungler', 'Carry']",/apps/dota2/images/dota_react/heroes/axe.png?,/apps/dota2/images/dota_react/heroes/icons/axe.png?,200,2.75,75,0.0,-1.0,25,27,31,25,20,18,3.4,2.2,1.6,150,900,1.7,310,,True,2,2,158293,79986,15.0,12.0,28.0,25730,13299,40356,20675,41914,21172,31780,15875,16855,8393,6958,3285,2616,1251,602,280,1944446,0
3,npc_dota_hero_bane,Bane,int,Ranged,"['Support', 'Disabler', 'Nuker', 'Durable']",/apps/dota2/images/dota_react/heroes/bane.png?,/apps/dota2/images/dota_react/heroes/icons/bane.png?,200,0.25,75,0.0,1.0,25,33,39,22,22,22,2.5,2.5,2.5,400,900,1.7,305,,True,4,3,66102,31087,311.0,291.0,524.0,8292,3968,15277,7622,20276,10202,19688,10167,13667,7034,7658,4033,4419,2337,2621,1393,731337,0
4,npc_dota_hero_bloodseeker,Bloodseeker,agi,Melee,"['Carry', 'Disabler', 'Jungler', 'Nuker', 'Initiator']",/apps/dota2/images/dota_react/heroes/bloodseeker.png?,/apps/dota2/images/dota_react/heroes/icons/bloodseeker.png?,200,0.25,75,0.0,2.0,25,35,41,24,22,17,2.7,3.1,2.0,150,900,1.7,300,,True,2,4,158604,77682,137.0,32.0,74.0,17892,9018,20955,10635,21051,10706,16259,8253,9404,4727,4087,2067,1884,963,599,305,905278,0
5,npc_dota_hero_crystal_maiden,Crystal Maiden,int,Ranged,"['Support', 'Disabler', 'Nuker', 'Jungler']",/apps/dota2/images/dota_react/heroes/crystal_maiden.png?,/apps/dota2/images/dota_react/heroes/icons/crystal_maiden.png?,200,0.25,75,1.0,-1.0,25,28,34,18,16,16,2.2,1.6,3.3,600,900,1.7,280,,True,2,5,173345,84416,2.0,12.0,18.0,25732,13164,37606,18633,39879,19639,30404,14691,16842,8144,7204,3488,2836,1373,794,384,1680602,0
6,npc_dota_hero_drow_ranger,Drow Ranger,agi,Ranged,"['Carry', 'Disabler', 'Pusher']",/apps/dota2/images/dota_react/heroes/drow_ranger.png?,/apps/dota2/images/dota_react/heroes/icons/drow_ranger.png?,200,0.25,75,0.0,0.0,25,29,36,18,20,15,1.9,2.9,1.4,625,1250,1.7,295,0.7,True,2,6,454220,248957,252.0,67.0,143.0,43839,23373,61442,32718,65102,34961,53324,28321,30774,16295,13900,7206,6159,3175,1969,967,1919347,0
7,npc_dota_hero_earthshaker,Earthshaker,str,Melee,"['Support', 'Initiator', 'Disabler', 'Nuker']",/apps/dota2/images/dota_react/heroes/earthshaker.png?,/apps/dota2/images/dota_react/heroes/icons/earthshaker.png?,200,1.0,75,0.0,2.0,25,27,37,22,12,18,3.7,1.4,2.1,150,0,1.7,315,0.9,True,2,7,227337,113496,17.0,22.0,46.0,22725,11234,36974,18290,43659,21643,38013,19106,22984,11687,10583,5356,4677,2347,1451,757,1885104,0
8,npc_dota_hero_juggernaut,Juggernaut,agi,Melee,"['Carry', 'Pusher', 'Escape']",/apps/dota2/images/dota_react/heroes/juggernaut.png?,/apps/dota2/images/dota_react/heroes/icons/juggernaut.png?,200,0.5,75,0.0,0.0,25,16,20,20,34,14,2.2,2.8,1.4,150,0,1.4,305,,True,2,8,400072,204796,70.0,16.0,41.0,38419,19380,61223,31613,70653,36970,58621,30809,33221,17344,14439,7446,5795,2923,1191,591,2796920,0
9,npc_dota_hero_mirana,Mirana,agi,Ranged,"['Carry', 'Support', 'Escape', 'Nuker', 'Disabler']",/apps/dota2/images/dota_react/heroes/mirana.png?,/apps/dota2/images/dota_react/heroes/icons/mirana.png?,200,0.25,75,0.4,-1.0,25,27,32,18,18,22,2.2,3.7,1.9,630,900,1.7,290,,True,2,9,199782,102376,56.0,69.0,123.0,19908,10176,38465,19708,48702,24888,42094,21630,24638,12482,10834,5462,4594,2310,1529,755,2002264,0
10,npc_dota_hero_morphling,Morphling,agi,Ranged,"['Carry', 'Escape', 'Durable', 'Nuker', 'Disabler']",/apps/dota2/images/dota_react/heroes/morphling.png?,/apps/dota2/images/dota_react/heroes/icons/morphling.png?,200,0.25,75,0.0,-2.0,25,9,18,22,24,19,3.0,3.9,1.8,350,1300,1.5,280,,True,0,10,158698,78924,379.0,73.0,153.0,19708,9707,27998,13506,31479,15048,27031,12821,17461,8259,8889,4243,4786,2278,2108,1035,1383122,0
11,npc_dota_hero_nevermore,Shadow Fiend,agi,Ranged,"['Carry', 'Nuker']",/apps/dota2/images/dota_react/heroes/nevermore.png?,/apps/dota2/images/dota_react/heroes/icons/nevermore.png?,200,0.25,75,0.3,1.0,25,19,25,19,20,18,2.7,3.5,2.2,500,1200,1.6,305,0.9,True,0,11,347632,167169,61.0,47.0,96.0,34781,17166,50899,25370,58877,29373,50867,25215,30217,14825,13725,6727,6177,2983,1705,817,2364021,0
12,npc_dota_hero_phantom_lancer,Phantom Lancer,agi,Melee,"['Carry', 'Escape', 'Pusher', 'Nuker']",/apps/dota2/images/dota_react/heroes/phantom_lancer.png?,/apps/dota2/images/dota_react/heroes/icons/phantom_lancer.png?,200,1.5,75,0.0,-1.0,25,26,36,19,26,21,2.2,3.2,2.0,150,900,1.7,290,,True,2,12,148094,76515,471.0,50.0,102.0,20008,10158,26954,13505,27222,13641,21365,10714,12335,6239,6229,3213,3344,1672,1404,728,1262486,0
13,npc_dota_hero_puck,Puck,int,Ranged,"['Initiator', 'Disabler', 'Escape', 'Nuker']",/apps/dota2/images/dota_react/heroes/puck.png?,/apps/dota2/images/dota_react/heroes/icons/puck.png?,200,0.5,75,0.0,-3.0,25,22,30,17,22,23,2.4,2.5,3.5,550,900,1.7,290,0.8,True,2,13,108196,49462,561.0,123.0,258.0,8594,3919,17194,7916,25881,12056,27813,13064,19388,9298,10295,4960,5183,2523,2294,1069,1049452,0
14,npc_dota_hero_pudge,Pudge,str,Melee,"['Disabler', 'Initiator', 'Durable', 'Nuker']",/apps/dota2/images/dota_react/heroes/pudge.png?,/apps/dota2/images/dota_react/heroes/icons/pudge.png?,200,2.0,75,0.0,0.0,25,42,48,25,14,16,3.0,1.4,1.5,175,0,1.7,280,0.7,True,2,14,859608,420460,33.0,25.0,65.0,59042,31045,92586,48113,104324,54425,87907,45227,52124,26688,24284,12163,10903,5318,2839,1350,4241707,0
15,npc_dota_hero_razor,Razor,agi,Ranged,"['Carry', 'Durable', 'Nuker', 'Pusher']",/apps/dota2/images/dota_react/heroes/razor.png?,/apps/dota2/images/dota_react/heroes/icons/razor.png?,200,1.0,75,0.0,-1.0,25,23,25,22,22,21,2.8,2.6,2.2,475,2000,1.7,290,,True,0,15,112502,54262,517.0,136.0,272.0,12468,5954,17691,8596,21850,10707,20710,10173,13593,6723,6835,3335,3475,1665,1375,651,699906,0
16,npc_dota_hero_sand_king,Sand King,str,Melee,"['Initiator', 'Disabler', 'Support', 'Nuker', 'Escape', 'Jungler']",/apps/dota2/images/dota_react/heroes/sand_king.png?,/apps/dota2/images/dota_react/heroes/icons/sand_king.png?,200,0.25,75,0.0,-1.0,25,23,33,22,19,19,2.7,1.8,1.8,150,900,1.7,290,,True,6,16,128966,68285,114.0,51.0,101.0,14171,7509,23621,12161,29365,15214,27282,14098,17313,8886,8529,4333,4309,2176,1508,767,1429893,0
17,npc_dota_hero_storm_spirit,Storm Spirit,int,Ranged,"['Carry', 'Escape', 'Nuker', 'Initiator', 'Disabler']",/apps/dota2/images/dota_react/heroes/storm_spirit.png?,/apps/dota2/images/dota_react/heroes/icons/storm_spirit.png?,200,0.25,75,0.0,2.0,25,24,34,21,22,23,2.0,1.7,3.9,480,1100,1.7,285,0.8,True,2,17,192189,88973,266.0,82.0,165.0,19408,8958,30586,14212,36435,16922,31913,15228,19557,9577,9676,4740,4519,2182,1639,834,1565846,0
18,npc_dota_hero_sven,Sven,str,Melee,"['Carry', 'Disabler', 'Initiator', 'Durable', 'Nuker']",/apps/dota2/images/dota_react/heroes/sven.png?,/apps/dota2/images/dota_react/heroes/icons/sven.png?,200,0.25,75,0.0,0.0,25,41,43,22,21,16,3.2,2.0,1.3,150,0,1.9,325,,True,2,18,128603,59892,27.0,15.0,34.0,17409,8074,23157,10570,22755,10348,16736,7601,8643,3925,3635,1668,1517,703,520,244,1319909,0
19,npc_dota_hero_tiny,Tiny,str,Melee,"['Carry', 'Nuker', 'Pusher', 'Initiator', 'Durable', 'Disabler']",/apps/dota2/images/dota_react/heroes/tiny.png?,/apps/dota2/images/dota_react/heroes/icons/tiny.png?,200,1.5,75,0.0,0.0,25,31,37,30,0,17,4.0,0.0,2.2,150,900,1.7,295,,True,2,19,99686,44220,9.0,14.0,23.0,11925,5340,17370,7875,19718,9043,16807,7724,10233,4644,4778,2240,2106,1040,778,358,1377560,0
20,npc_dota_hero_vengefulspirit,Vengeful Spirit,agi,Ranged,"['Support', 'Initiator', 'Disabler', 'Nuker', 'Escape']",/apps/dota2/images/dota_react/heroes/vengefulspirit.png?,/apps/dota2/images/dota_react/heroes/icons/vengefulspirit.png?,200,0.25,75,0.0,0.0,25,24,30,19,20,19,2.6,3.2,1.5,400,1500,1.7,295,,True,2,20,109311,56385,9.0,16.0,24.0,11648,5767,19104,9722,22538,11376,18819,9555,11124,5715,4700,2366,1832,917,482,231,1176526,0
21,npc_dota_hero_windrunner,Windranger,int,Ranged,"['Carry', 'Support', 'Disabler', 'Escape', 'Nuker']",/apps/dota2/images/dota_react/heroes/windrunner.png?,/apps/dota2/images/dota_react/heroes/icons/windrunner.png?,200,0.25,75,0.0,-1.0,25,24,36,18,17,18,3.0,1.4,3.6,600,1250,1.5,290,0.8,True,2,21,307161,151856,70.0,46.0,78.0,31040,15119,48102,23297,56006,27382,47628,23135,28482,13933,13072,6420,5838,2893,1726,811,2551712,0
22,npc_dota_hero_zuus,Zeus,int,Ranged,"['Nuker', 'Carry']",/apps/dota2/images/dota_react/heroes/zuus.png?,/apps/dota2/images/dota_react/heroes/icons/zuus.png?,200,0.25,75,0.0,2.0,25,33,41,19,11,22,2.1,1.2,3.3,380,1100,1.7,315,,True,2,22,378110,207824,54.0,6.0,25.0,30671,16616,45695,24691,51247,27862,41817,22495,23540,12600,10067,5357,4061,2112,876,436,1746818,0
23,npc_dota_hero_kunkka,Kunkka,str,Melee,"['Carry', 'Support', 'Disabler', 'Initiator', 'Durable', 'Nuker']",/apps/dota2/images/dota_react/heroes/kunkka.png?,/apps/dota2/images/dota_react/heroes/icons/kunkka.png?,200,0.75,75,0.0,2.0,25,26,36,24,14,18,3.8,1.6,1.8,150,900,1.7,315,,True,2,23,142403,68485,450.0,173.0,310.0,18511,8931,29868,14342,35808,17543,30673,15115,18039,8956,8385,4189,3974,1955,1750,883,1380266,0
25,npc_dota_hero_lina,Lina,int,Ranged,"['Support', 'Carry', 'Nuker', 'Disabler']",/apps/dota2/images/dota_react/heroes/lina.png?,/apps/dota2/images/dota_react/heroes/icons/lina.png?,200,0.25,75,0.0,0.0,25,21,29,20,23,30,2.4,2.1,3.7,670,1000,1.6,290,,True,2,25,225156,100230,450.0,97.0,203.0,27228,12068,38308,17263,43647,19755,36709,16869,21733,10149,10150,4822,4861,2280,1796,908,2217420,0
26,npc_dota_hero_lion,Lion,int,Ranged,"['Support', 'Disabler', 'Nuker', 'Initiator']",/apps/dota2/images/dota_react/heroes/lion.png?,/apps/dota2/images/dota_react/heroes/icons/lion.png?,200,0.25,75,0.0,-1.0,25,29,35,18,18,18,2.2,1.5,3.5,600,900,1.7,290,,True,2,26,332001,148763,67.0,86.0,171.0,45645,21779,73595,34554,83266,39180,68050,31763,38834,18180,17082,8075,7418,3499,2240,1075,3678047,0
27,npc_dota_hero_shadow_shaman,Shadow Shaman,int,Ranged,"['Support', 'Pusher', 'Disabler', 'Nuker', 'Initiator']",/apps/dota2/images/dota_react/heroes/shadow_shaman.png?,/apps/dota2/images/dota_react/heroes/icons/shadow_shaman.png?,200,1.0,75,0.0,2.0,25,46,53,23,16,25,2.3,1.6,3.5,400,900,1.7,285,,True,2,27,215954,111149,15.0,12.0,31.0,31417,15880,44189,22529,46907,24235,36869,18945,20893,10705,9158,4609,4046,2039,1069,525,2026919,0
28,npc_dota_hero_slardar,Slardar,str,Melee,"['Carry', 'Durable', 'Initiator', 'Disabler', 'Escape']",/apps/dota2/images/dota_react/heroes/slardar.png?,/apps/dota2/images/dota_react/heroes/icons/slardar.png?,200,0.5,75,0.0,3.0,25,30,38,21,17,15,3.6,2.4,1.5,150,0,1.7,300,,True,0,28,156783,80758,68.0,23.0,51.0,16367,8076,26556,13177,30092,14909,24464,12153,13547,6717,5893,2867,2554,1288,892,418,1130898,0
29,npc_dota_hero_tidehunter,Tidehunter,str,Melee,"['Initiator', 'Durable', 'Disabler', 'Nuker', 'Carry']",/apps/dota2/images/dota_react/heroes/tidehunter.png?,/apps/dota2/images/dota_react/heroes/icons/tidehunter.png?,200,0.25,75,0.5,0.0,25,25,31,27,15,18,3.5,1.5,1.7,150,900,1.7,300,,True,2,29,116189,58367,298.0,97.0,185.0,14778,7344,27199,13701,33175,16336,28182,13575,16367,7644,7175,3301,3149,1440,1044,498,1391307,0
30,npc_dota_hero_witch_doctor,Witch Doctor,int,Ranged,"['Support', 'Nuker', 'Disabler']",/apps/dota2/images/dota_react/heroes/witch_doctor.png?,/apps/dota2/images/dota_react/heroes/icons/witch_doctor.png?,200,0.25,75,0.0,0.0,25,29,39,18,13,22,2.3,1.4,3.3,600,1200,1.7,300,,True,2,30,221135,109327,41.0,8.0,17.0,32287,16246,50100,24901,52730,25984,40116,19411,20826,10030,8595,4094,3111,1413,731,322,2028614,0
31,npc_dota_hero_lich,Lich,int,Ranged,"['Support', 'Nuker']",/apps/dota2/images/dota_react/heroes/lich.png?,/apps/dota2/images/dota_react/heroes/icons/lich.png?,200,0.25,75,0.75,-1.0,25,24,33,20,15,24,2.1,2.0,4.1,550,900,1.7,295,,True,2,31,111835,55538,10.0,14.0,28.0,16737,8395,26154,13047,29779,14961,25115,12491,15148,7549,6966,3455,3110,1535,839,406,1237097,0
32,npc_dota_hero_riki,Riki,agi,Melee,"['Carry', 'Escape', 'Disabler']",/apps/dota2/images/dota_react/heroes/riki.png?,/apps/dota2/images/dota_react/heroes/icons/riki.png?,200,2.5,75,0.0,3.0,25,41,45,18,18,14,2.4,1.4,1.3,150,900,1.7,320,,True,2,32,183248,94637,10.0,11.0,18.0,18407,9644,24828,12947,25462,13185,19987,10380,11228,5847,4800,2488,2138,1106,622,313,1081592,0
33,npc_dota_hero_enigma,Enigma,int,Ranged,"['Disabler', 'Jungler', 'Initiator', 'Pusher']",/apps/dota2/images/dota_react/heroes/enigma.png?,/apps/dota2/images/dota_react/heroes/icons/enigma.png?,200,0.25,75,0.0,2.0,25,24,30,21,14,19,2.5,1.0,3.6,500,900,1.7,290,,True,0,33,193554,105666,22.0,11.0,14.0,16063,8376,22020,11985,22519,12363,17374,9452,9761,5331,4381,2403,1874,1011,640,333,918758,0
34,npc_dota_hero_tinker,Tinker,int,Ranged,"['Carry', 'Nuker', 'Pusher']",/apps/dota2/images/dota_react/heroes/tinker.png?,/apps/dota2/images/dota_react/heroes/icons/tinker.png?,200,0.25,75,0.75,2.0,25,24,30,18,13,30,2.5,1.2,3.3,500,900,1.7,290,,True,2,34,161523,76688,308.0,38.0,68.0,20928,10645,32379,16789,37990,19862,33022,17408,20837,11064,10197,5570,5051,2819,1900,1053,1601837,0
35,npc_dota_hero_sniper,Sniper,agi,Ranged,"['Carry', 'Nuker']",/apps/dota2/images/dota_react/heroes/sniper.png?,/apps/dota2/images/dota_react/heroes/icons/sniper.png?,200,0.25,75,0.0,-1.0,25,13,19,19,27,15,2.0,3.2,2.6,550,3000,1.7,285,0.7,True,2,35,579530,299024,61.0,28.0,57.0,53214,27520,75405,39142,76006,39229,55109,28322,27020,13717,9705,4764,3184,1578,565,277,2811730,0
36,npc_dota_hero_necrolyte,Necrophos,int,Ranged,"['Carry', 'Nuker', 'Durable', 'Disabler']",/apps/dota2/images/dota_react/heroes/necrolyte.png?,/apps/dota2/images/dota_react/heroes/icons/necrolyte.png?,200,0.25,75,0.0,1.0,25,26,30,18,12,21,2.3,1.3,2.7,500,1200,1.7,280,,True,2,36,140178,72920,66.0,16.0,30.0,18516,9687,30480,16137,33530,17654,28059,14774,16219,8567,7545,3949,3515,1806,1083,594,1331749,0
37,npc_dota_hero_warlock,Warlock,int,Ranged,"['Support', 'Initiator', 'Disabler']",/apps/dota2/images/dota_react/heroes/warlock.png?,/apps/dota2/images/dota_react/heroes/icons/warlock.png?,200,0.25,75,0.0,1.0,25,24,34,24,10,25,3.0,1.0,3.1,600,1200,1.7,290,,True,2,37,89032,48248,8.0,5.0,12.0,8807,4562,14831,7672,17361,8970,14363,7365,8221,4205,3599,1809,1466,737,335,162,676217,0
38,npc_dota_hero_beastmaster,Beastmaster,str,Melee,"['Initiator', 'Disabler', 'Durable', 'Nuker']",/apps/dota2/images/dota_react/heroes/beastmaster.png?,/apps/dota2/images/dota_react/heroes/icons/beastmaster.png?,200,0.25,75,0.0,0.0,25,33,37,23,18,16,2.9,1.6,1.9,150,0,1.7,305,,True,2,38,34521,15239,425.0,104.0,170.0,2537,1161,4063,1889,4960,2315,4706,2294,3328,1688,1889,1046,1248,655,970,495,244470,0
39,npc_dota_hero_queenofpain,Queen of Pain,int,Ranged,"['Carry', 'Nuker', 'Escape']",/apps/dota2/images/dota_react/heroes/queenofpain.png?,/apps/dota2/images/dota_react/heroes/icons/queenofpain.png?,200,0.25,75,0.0,0.0,25,24,30,18,22,25,2.4,2.5,3.4,550,1500,1.5,290,,True,2,39,210824,100194,511.0,256.0,507.0,20474,9895,37450,18234,49249,24159,46964,23348,30783,15640,15675,8005,7966,4056,3489,1783,1539287,0
40,npc_dota_hero_venomancer,Venomancer,agi,Ranged,"['Support', 'Nuker', 'Initiator', 'Pusher', 'Disabler']",/apps/dota2/images/dota_react/heroes/venomancer.png?,/apps/dota2/images/dota_react/heroes/icons/venomancer.png?,200,0.25,75,0.0,0.0,25,18,21,19,24,19,2.1,2.8,1.8,450,900,1.7,280,,True,0,40,202516,108471,31.0,20.0,31.0,17179,8875,28161,14553,32342,16799,26826,13906,15526,8064,6689,3528,2887,1534,674,358,1197363,0
41,npc_dota_hero_faceless_void,Faceless Void,agi,Melee,"['Carry', 'Initiator', 'Disabler', 'Escape', 'Durable']",/apps/dota2/images/dota_react/heroes/faceless_void.png?,/apps/dota2/images/dota_react/heroes/icons/faceless_void.png?,200,0.5,75,0.0,1.0,25,37,43,20,19,15,2.4,3.0,1.5,150,900,1.7,300,0.9,True,2,41,297065,149103,254.0,45.0,105.0,27004,12708,43620,20655,48765,23431,38933,18723,22125,10989,9742,4845,4491,2300,1491,740,1870922,0
42,npc_dota_hero_skeleton_king,Wraith King,str,Melee,"['Carry', 'Support', 'Durable', 'Disabler', 'Initiator']",/apps/dota2/images/dota_react/heroes/skeleton_king.png?,/apps/dota2/images/dota_react/heroes/icons/skeleton_king.png?,200,0.25,75,0.0,-1.0,25,38,40,22,18,18,3.0,1.7,1.6,150,0,1.7,315,,True,2,42,263919,147378,297.0,155.0,306.0,33959,18786,49776,26905,53621,28611,44740,23964,26755,14184,13125,7003,6439,3400,2395,1279,1917092,0
43,npc_dota_hero_death_prophet,Death Prophet,int,Ranged,"['Carry', 'Pusher', 'Nuker', 'Disabler']",/apps/dota2/images/dota_react/heroes/death_prophet.png?,/apps/dota2/images/dota_react/heroes/icons/death_prophet.png?,200,0.25,75,0.5,1.0,25,23,33,21,14,24,3.1,1.8,3.3,600,1000,1.7,325,0.8,True,2,43,82441,40146,248.0,95.0,190.0,8941,4282,11800,5751,12836,6286,10707,5331,6189,3104,3071,1615,1469,753,646,321,424835,0
44,npc_dota_hero_phantom_assassin,Phantom Assassin,agi,Melee,"['Carry', 'Escape']",/apps/dota2/images/dota_react/heroes/phantom_assassin.png?,/apps/dota2/images/dota_react/heroes/icons/phantom_assassin.png?,200,0.75,75,0.0,1.0,25,32,34,21,23,15,2.2,3.4,1.4,150,900,1.7,305,,True,2,44,432047,232097,444.0,105.0,220.0,47938,24643,66309,33675,69830,35267,55744,27923,32050,15930,14712,7323,6980,3449,2881,1429,2558117,0
45,npc_dota_hero_pugna,Pugna,int,Ranged,"['Nuker', 'Pusher']",/apps/dota2/images/dota_react/heroes/pugna.png?,/apps/dota2/images/dota_react/heroes/icons/pugna.png?,200,0.25,75,0.5,0.0,25,21,28,19,24,24,2.0,1.3,5.2,630,900,1.7,330,,True,2,45,147945,69131,19.0,15.0,31.0,13349,6200,17665,8229,19562,9331,16378,7838,10114,4842,4657,2295,2176,1063,731,356,694822,0
46,npc_dota_hero_templar_assassin,Templar Assassin,agi,Ranged,"['Carry', 'Escape']",/apps/dota2/images/dota_react/heroes/templar_assassin.png?,/apps/dota2/images/dota_react/heroes/icons/templar_assassin.png?,200,0.25,75,0.0,0.0,25,30,36,21,23,20,2.4,3.2,2.0,160,900,1.7,305,0.7,True,2,46,121038,55998,378.0,114.0,204.0,15443,6974,20251,9301,22436,10662,19831,9481,12616,6168,6502,3317,3519,1774,1563,778,1063578,0
47,npc_dota_hero_viper,Viper,agi,Ranged,"['Carry', 'Durable', 'Initiator', 'Disabler']",/apps/dota2/images/dota_react/heroes/viper.png?,/apps/dota2/images/dota_react/heroes/icons/viper.png?,200,0.25,75,0.0,-2.0,25,27,29,21,21,17,2.4,2.7,2.0,575,1200,1.7,275,,True,0,47,317979,159065,195.0,38.0,77.0,29612,14668,38599,18836,40132,19922,30754,15377,16262,8153,6789,3289,2862,1382,763,375,1511845,0
48,npc_dota_hero_luna,Luna,agi,Ranged,"['Carry', 'Nuker', 'Pusher']",/apps/dota2/images/dota_react/heroes/luna.png?,/apps/dota2/images/dota_react/heroes/icons/luna.png?,200,0.5,75,0.0,2.0,25,26,32,21,24,23,2.2,3.4,1.9,330,900,1.7,325,,True,2,48,198302,101510,377.0,108.0,225.0,21905,10982,33180,16765,38824,19306,33736,16883,20629,10282,9902,4936,4597,2270,1933,938,1911754,0
49,npc_dota_hero_dragon_knight,Dragon Knight,str,Melee,"['Carry', 'Pusher', 'Durable', 'Disabler', 'Initiator', 'Nuker']",/apps/dota2/images/dota_react/heroes/dragon_knight.png?,/apps/dota2/images/dota_react/heroes/icons/dragon_knight.png?,200,0.25,75,0.0,0.0,25,32,38,21,19,18,3.4,2.0,1.7,150,900,1.7,310,,True,2,49,75092,36843,37.0,42.0,92.0,12084,5839,17993,8606,18365,8779,13890,6546,7210,3413,2913,1390,1183,514,370,189,1015287,0
50,npc_dota_hero_dazzle,Dazzle,int,Ranged,"['Support', 'Nuker', 'Disabler']",/apps/dota2/images/dota_react/heroes/dazzle.png?,/apps/dota2/images/dota_react/heroes/icons/dazzle.png?,200,0.25,75,0.0,0.0,25,22,28,18,20,25,2.5,1.7,3.7,575,1200,1.7,305,0.7,True,2,50,194890,105744,1.0,4.0,13.0,24383,13231,41311,22254,44220,23589,34086,17897,18728,9884,7918,4091,3224,1631,743,379,1675096,0
51,npc_dota_hero_rattletrap,Clockwerk,str,Melee,"['Initiator', 'Disabler', 'Durable', 'Nuker']",/apps/dota2/images/dota_react/heroes/rattletrap.png?,/apps/dota2/images/dota_react/heroes/icons/rattletrap.png?,200,0.25,75,0.0,1.0,25,24,26,26,13,18,3.5,2.3,1.5,150,900,1.7,310,,True,2,51,80091,41089,43.0,68.0,133.0,6366,3028,12757,6320,17013,8261,15561,7656,9761,4840,4537,2328,2130,1050,798,433,695531,0
52,npc_dota_hero_leshrac,Leshrac,int,Ranged,"['Carry', 'Support', 'Nuker', 'Pusher', 'Disabler']",/apps/dota2/images/dota_react/heroes/leshrac.png?,/apps/dota2/images/dota_react/heroes/icons/leshrac.png?,200,0.25,75,0.0,0.0,25,22,26,20,23,22,2.5,2.8,3.5,575,900,1.7,325,,True,4,52,64509,31012,110.0,49.0,85.0,5408,2522,8373,3863,10132,4739,9286,4442,6107,2925,3313,1707,1861,988,977,511,534052,0
53,npc_dota_hero_furion,Nature's Prophet,int,Ranged,"['Carry', 'Jungler', 'Pusher', 'Escape', 'Nuker']",/apps/dota2/images/dota_react/heroes/furion.png?,/apps/dota2/images/dota_react/heroes/icons/furion.png?,200,0.25,75,0.75,0.0,25,27,37,21,22,23,2.6,3.6,3.7,600,1125,1.7,295,,True,2,53,227602,114021,75.0,32.0,60.0,20301,9107,24183,10217,22008,9087,16032,6582,8555,3453,3717,1542,1641,729,671,322,924716,0
54,npc_dota_hero_life_stealer,Lifestealer,str,Melee,"['Carry', 'Durable', 'Jungler', 'Escape', 'Disabler']",/apps/dota2/images/dota_react/heroes/life_stealer.png?,/apps/dota2/images/dota_react/heroes/icons/life_stealer.png?,200,0.25,75,0.0,1.0,25,22,28,25,19,15,2.4,2.6,1.8,150,900,1.7,320,0.9,True,2,54,175317,90925,241.0,36.0,82.0,20525,10547,32027,16354,35207,18057,28588,14621,16756,8650,7470,3874,2961,1515,784,368,1398576,0
55,npc_dota_hero_dark_seer,Dark Seer,int,Melee,"['Initiator', 'Jungler', 'Escape', 'Disabler']",/apps/dota2/images/dota_react/heroes/dark_seer.png?,/apps/dota2/images/dota_react/heroes/icons/dark_seer.png?,200,0.25,75,0.0,2.0,25,33,39,20,18,21,3.1,1.8,3.1,150,900,1.7,295,,True,2,55,75984,41099,110.0,32.0,70.0,5001,2623,8212,4288,9483,4980,8550,4496,5645,2929,2859,1461,1452,787,599,326,456468,0
56,npc_dota_hero_clinkz,Clinkz,agi,Ranged,"['Carry', 'Escape', 'Pusher']",/apps/dota2/images/dota_react/heroes/clinkz.png?,/apps/dota2/images/dota_react/heroes/icons/clinkz.png?,200,0.25,75,0.0,0.0,25,15,21,16,22,18,2.0,2.5,2.2,600,900,1.7,290,,True,2,56,106491,50313,5.0,14.0,24.0,8542,3960,12380,5844,14248,6930,12695,6349,8106,4046,4046,2160,1776,871,423,226,904954,0
57,npc_dota_hero_omniknight,Omniknight,str,Melee,"['Support', 'Durable', 'Nuker']",/apps/dota2/images/dota_react/heroes/omniknight.png?,/apps/dota2/images/dota_react/heroes/icons/omniknight.png?,200,0.25,75,0.0,2.0,25,31,41,23,15,15,3.1,2.0,1.8,150,900,1.7,315,,True,2,57,67436,35876,,0.0,4.0,6431,3387,10608,5697,12235,6656,9927,5327,5641,3033,2327,1233,1003,541,287,151,478420,0
58,npc_dota_hero_enchantress,Enchantress,int,Ranged,"['Support', 'Jungler', 'Pusher', 'Durable', 'Disabler']",/apps/dota2/images/dota_react/heroes/enchantress.png?,/apps/dota2/images/dota_react/heroes/icons/enchantress.png?,200,0.25,75,0.0,1.0,25,23,33,17,19,22,1.7,1.8,3.8,575,900,1.7,320,,True,4,58,118435,57308,75.0,35.0,68.0,11582,5571,13223,6146,12640,5780,9612,4344,5529,2413,2450,1050,1070,440,408,178,440816,0
59,npc_dota_hero_huskar,Huskar,str,Ranged,"['Carry', 'Durable', 'Initiator']",/apps/dota2/images/dota_react/heroes/huskar.png?,/apps/dota2/images/dota_react/heroes/icons/huskar.png?,200,0.25,75,0.0,-1.0,25,21,26,21,13,18,3.4,1.6,1.5,400,1400,1.6,295,,True,2,59,192106,102687,15.0,5.0,11.0,25392,13086,29087,15049,27929,14733,20950,11103,11629,6254,5254,2785,2497,1319,776,404,1036213,0
60,npc_dota_hero_night_stalker,Night Stalker,str,Melee,"['Carry', 'Initiator', 'Durable', 'Disabler', 'Nuker']",/apps/dota2/images/dota_react/heroes/night_stalker.png?,/apps/dota2/images/dota_react/heroes/icons/night_stalker.png?,200,2.0,75,0.0,2.0,25,40,44,23,18,15,3.0,2.3,1.6,150,900,1.7,295,,True,2,60,72454,35492,319.0,75.0,145.0,9001,4456,16809,8433,22673,11705,21783,11447,14824,7929,7772,4129,3982,2122,1527,774,932845,0
61,npc_dota_hero_broodmother,Broodmother,agi,Melee,"['Carry', 'Pusher', 'Escape', 'Nuker']",/apps/dota2/images/dota_react/heroes/broodmother.png?,/apps/dota2/images/dota_react/heroes/icons/broodmother.png?,200,0.25,75,0.0,0.0,25,29,35,18,19,18,3.2,3.4,2.0,150,900,1.7,280,,True,8,61,37450,14948,168.0,35.0,57.0,3935,1626,4377,1934,4137,1857,3484,1653,2413,1188,1441,763,1025,551,700,370,209447,0
62,npc_dota_hero_bounty_hunter,Bounty Hunter,agi,Melee,"['Escape', 'Nuker']",/apps/dota2/images/dota_react/heroes/bounty_hunter.png?,/apps/dota2/images/dota_react/heroes/icons/bounty_hunter.png?,200,1.25,75,0.5,4.0,25,30,38,20,21,22,2.5,2.6,1.9,150,900,1.7,320,,True,2,62,239614,107058,7.0,7.0,16.0,22606,11057,33263,16336,37768,18780,33118,16550,19999,10106,9257,4643,4171,2047,1438,683,1417150,0
63,npc_dota_hero_weaver,Weaver,agi,Ranged,"['Carry', 'Escape']",/apps/dota2/images/dota_react/heroes/weaver.png?,/apps/dota2/images/dota_react/heroes/icons/weaver.png?,200,1.25,75,0.5,0.0,25,37,43,16,17,20,2.0,3.1,2.0,425,900,1.8,275,,True,4,63,227324,117072,706.0,195.0,382.0,24876,12307,35286,17669,39834,20557,35092,18109,22562,11575,11530,6138,6440,3413,3388,1778,1447709,0
64,npc_dota_hero_jakiro,Jakiro,int,Ranged,"['Support', 'Nuker', 'Pusher', 'Disabler']",/apps/dota2/images/dota_react/heroes/jakiro.png?,/apps/dota2/images/dota_react/heroes/icons/jakiro.png?,200,0.25,75,0.0,1.0,25,27,35,27,15,26,2.8,1.2,3.0,400,1100,1.7,290,,True,2,64,194899,106552,74.0,118.0,244.0,22623,12400,40618,22179,50544,27020,45049,24284,27807,14904,13198,7029,6345,3318,2100,1108,1654274,0
65,npc_dota_hero_batrider,Batrider,int,Ranged,"['Initiator', 'Jungler', 'Disabler', 'Escape']",/apps/dota2/images/dota_react/heroes/batrider.png?,/apps/dota2/images/dota_react/heroes/icons/batrider.png?,200,1.75,75,0.0,1.0,25,17,21,28,15,22,2.9,1.8,2.9,400,900,1.7,300,0.9,True,2,65,54941,23686,271.0,47.0,74.0,3720,1571,6275,2676,8057,3566,7856,3480,5495,2580,3141,1479,2018,1018,1246,643,334440,0
66,npc_dota_hero_chen,Chen,int,Ranged,"['Support', 'Jungler', 'Pusher']",/apps/dota2/images/dota_react/heroes/chen.png?,/apps/dota2/images/dota_react/heroes/icons/chen.png?,200,0.25,75,0.5,-1.0,25,27,37,25,15,19,2.0,2.1,3.2,650,1100,1.7,300,,True,2,66,21527,9454,35.0,10.0,15.0,1605,719,2055,948,2232,1046,2062,962,1378,636,740,318,400,182,192,107,106111,0
67,npc_dota_hero_spectre,Spectre,agi,Melee,"['Carry', 'Durable', 'Escape']",/apps/dota2/images/dota_react/heroes/spectre.png?,/apps/dota2/images/dota_react/heroes/icons/spectre.png?,200,1.5,75,0.0,1.0,25,23,27,23,23,16,2.5,2.1,1.9,150,900,1.7,290,,True,0,67,146769,80467,37.0,3.0,14.0,16655,8950,29400,14991,33571,16509,27562,13192,15212,7049,5985,2741,2106,968,403,174,1730764,0
68,npc_dota_hero_ancient_apparition,Ancient Apparition,int,Ranged,"['Support', 'Disabler', 'Nuker']",/apps/dota2/images/dota_react/heroes/ancient_apparition.png?,/apps/dota2/images/dota_react/heroes/icons/ancient_apparition.png?,200,0.25,75,0.0,-1.0,25,21,31,20,20,23,1.9,2.2,3.4,675,1250,1.7,285,,True,0,68,167629,87617,24.0,6.0,22.0,12751,6444,24538,12791,30665,15961,26479,13700,15605,8068,7093,3581,2843,1438,730,358,1475994,0
69,npc_dota_hero_doom_bringer,Doom,str,Melee,"['Carry', 'Disabler', 'Initiator', 'Durable', 'Nuker']",/apps/dota2/images/dota_react/heroes/doom_bringer.png?,/apps/dota2/images/dota_react/heroes/icons/doom_bringer.png?,200,0.25,75,0.0,3.0,25,34,44,24,11,15,3.7,0.9,1.7,200,900,1.9,285,,True,2,69,78983,34266,135.0,45.0,99.0,8312,3718,15553,6918,20500,9039,19146,8549,12329,5574,5885,2651,2782,1204,877,383,815141,0
70,npc_dota_hero_ursa,Ursa,agi,Melee,"['Carry', 'Jungler', 'Durable', 'Disabler']",/apps/dota2/images/dota_react/heroes/ursa.png?,/apps/dota2/images/dota_react/heroes/icons/ursa.png?,200,0.5,75,0.0,1.0,25,24,28,25,18,16,2.6,2.6,1.5,150,900,1.7,310,,True,2,70,218071,116757,388.0,48.0,95.0,21168,10518,32914,16839,39600,20448,35315,18246,22245,11704,10593,5630,5247,2820,1789,916,1518409,0
71,npc_dota_hero_spirit_breaker,Spirit Breaker,str,Melee,"['Carry', 'Initiator', 'Disabler', 'Durable', 'Escape']",/apps/dota2/images/dota_react/heroes/spirit_breaker.png?,/apps/dota2/images/dota_react/heroes/icons/spirit_breaker.png?,200,1.25,75,0.0,2.0,25,31,41,28,17,14,3.0,1.7,1.8,150,900,1.9,295,,True,2,71,399199,205425,734.0,231.0,444.0,32175,16552,52140,27135,63693,32959,59296,30909,38550,20232,19070,9822,9595,5018,3874,1990,1849094,0
72,npc_dota_hero_gyrocopter,Gyrocopter,agi,Ranged,"['Carry', 'Nuker', 'Disabler']",/apps/dota2/images/dota_react/heroes/gyrocopter.png?,/apps/dota2/images/dota_react/heroes/icons/gyrocopter.png?,200,0.25,75,0.0,2.0,25,16,22,22,26,21,2.5,3.3,2.4,365,3000,1.7,315,,True,2,72,124265,59773,46.0,30.0,70.0,9777,4649,16658,7642,20851,9728,18763,8957,11582,5559,5243,2455,2260,1120,800,403,1021119,0
73,npc_dota_hero_alchemist,Alchemist,str,Melee,"['Carry', 'Support', 'Durable', 'Disabler', 'Initiator', 'Nuker']",/apps/dota2/images/dota_react/heroes/alchemist.png?,/apps/dota2/images/dota_react/heroes/icons/alchemist.png?,200,0.25,75,0.0,-1.0,25,27,33,25,22,25,2.9,1.5,1.8,150,900,1.7,305,,True,2,73,116083,50394,4.0,8.0,9.0,10013,4815,16515,7917,17711,8566,13864,6879,7636,3801,3074,1505,1282,617,271,135,538914,0
74,npc_dota_hero_invoker,Invoker,int,Ranged,"['Carry', 'Nuker', 'Disabler', 'Escape', 'Pusher']",/apps/dota2/images/dota_react/heroes/invoker.png?,/apps/dota2/images/dota_react/heroes/icons/invoker.png?,200,0.25,75,0.0,0.0,25,29,35,18,14,15,2.4,1.9,4.6,600,900,1.7,275,,True,2,74,409205,196898,426.0,89.0,166.0,30461,13922,53301,25284,65332,31224,56622,27502,34040,16697,15754,7711,6934,3454,2258,1074,2836402,0
75,npc_dota_hero_silencer,Silencer,int,Ranged,"['Carry', 'Support', 'Disabler', 'Initiator', 'Nuker']",/apps/dota2/images/dota_react/heroes/silencer.png?,/apps/dota2/images/dota_react/heroes/icons/silencer.png?,200,0.25,75,0.0,-1.0,25,18,32,19,22,25,2.4,2.4,2.9,600,900,1.7,290,,True,2,75,253128,134857,143.0,79.0,156.0,32923,17983,51305,27661,54240,29032,42078,22316,22443,11709,9848,5138,4384,2285,1286,681,2380808,0
76,npc_dota_hero_obsidian_destroyer,Outworld Devourer,int,Ranged,"['Carry', 'Nuker', 'Disabler']",/apps/dota2/images/dota_react/heroes/obsidian_destroyer.png?,/apps/dota2/images/dota_react/heroes/icons/obsidian_destroyer.png?,200,1.0,75,0.0,2.5,25,19,31,21,22,30,2.9,1.6,4.2,450,900,1.9,320,,True,4,76,204094,103427,834.0,146.0,297.0,22863,11752,39391,20484,51328,27221,47549,25409,30862,16341,15360,8032,7650,4015,2985,1535,1209713,0
77,npc_dota_hero_lycan,Lycan,str,Melee,"['Carry', 'Pusher', 'Jungler', 'Durable', 'Escape']",/apps/dota2/images/dota_react/heroes/lycan.png?,/apps/dota2/images/dota_react/heroes/icons/lycan.png?,200,0.25,75,0.0,0.0,25,24,29,26,16,23,3.4,1.7,1.7,150,900,1.7,315,,True,2,77,51748,24257,112.0,33.0,45.0,3820,1789,5010,2297,4970,2369,3884,1897,2369,1207,1269,663,763,424,438,240,312565,0
78,npc_dota_hero_brewmaster,Brewmaster,str,Melee,"['Carry', 'Initiator', 'Durable', 'Disabler', 'Nuker']",/apps/dota2/images/dota_react/heroes/brewmaster.png?,/apps/dota2/images/dota_react/heroes/icons/brewmaster.png?,200,0.5,75,0.0,-1.0,25,29,36,23,19,15,3.7,2.0,1.6,150,900,1.7,310,,True,2,78,40349,20377,40.0,10.0,21.0,3619,1857,5845,3028,7064,3590,6747,3514,4633,2393,2698,1413,1351,702,553,287,289910,0
79,npc_dota_hero_shadow_demon,Shadow Demon,int,Ranged,"['Support', 'Disabler', 'Initiator', 'Nuker']",/apps/dota2/images/dota_react/heroes/shadow_demon.png?,/apps/dota2/images/dota_react/heroes/icons/shadow_demon.png?,200,0.25,75,0.0,0.0,25,29,33,23,18,22,2.6,2.2,3.6,500,900,1.7,290,,True,2,79,64481,29411,105.0,79.0,143.0,4815,2110,8585,3950,11507,5382,10842,5080,7210,3408,3595,1747,1647,796,571,296,444336,0
80,npc_dota_hero_lone_druid,Lone Druid,agi,Ranged,"['Carry', 'Pusher', 'Jungler', 'Durable']",/apps/dota2/images/dota_react/heroes/lone_druid.png?,/apps/dota2/images/dota_react/heroes/icons/lone_druid.png?,200,0.25,75,0.0,-2.0,25,18,22,18,20,13,2.5,2.8,1.4,550,900,1.6,325,,True,2,80,54059,23316,60.0,14.0,21.0,5200,2484,7190,3460,7559,3568,6592,3190,3998,1993,1948,938,919,475,290,149,249684,0
81,npc_dota_hero_chaos_knight,Chaos Knight,str,Melee,"['Carry', 'Disabler', 'Durable', 'Pusher', 'Initiator']",/apps/dota2/images/dota_react/heroes/chaos_knight.png?,/apps/dota2/images/dota_react/heroes/icons/chaos_knight.png?,200,0.25,75,0.0,2.0,25,29,59,22,18,18,3.2,1.4,1.2,150,900,1.7,325,,True,2,81,121811,64430,35.0,25.0,52.0,18652,9692,23272,11908,21657,11275,16002,8239,8692,4455,3885,1973,1828,954,618,288,954716,0
82,npc_dota_hero_meepo,Meepo,agi,Melee,"['Carry', 'Escape', 'Nuker', 'Disabler', 'Initiator', 'Pusher']",/apps/dota2/images/dota_react/heroes/meepo.png?,/apps/dota2/images/dota_react/heroes/icons/meepo.png?,200,0.25,75,0.0,4.0,25,29,35,24,17,20,1.6,1.6,1.6,150,900,1.7,330,0.7,True,2,82,52530,23721,17.0,1.0,2.0,5228,2565,5218,2638,5039,2471,3767,1829,2272,1114,1018,521,444,219,136,72,270915,0
83,npc_dota_hero_treant,Treant Protector,str,Melee,"['Support', 'Initiator', 'Durable', 'Disabler', 'Escape']",/apps/dota2/images/dota_react/heroes/treant.png?,/apps/dota2/images/dota_react/heroes/icons/treant.png?,200,0.25,75,0.5,-1.0,25,62,70,25,15,20,3.4,2.0,1.8,150,900,1.9,285,,True,2,83,139522,69892,27.0,41.0,88.0,14047,7267,23636,12327,26937,14040,22675,11843,13678,7090,6571,3389,3323,1715,1307,676,984672,0
84,npc_dota_hero_ogre_magi,Ogre Magi,int,Melee,"['Support', 'Nuker', 'Disabler', 'Durable', 'Initiator']",/apps/dota2/images/dota_react/heroes/ogre_magi.png?,/apps/dota2/images/dota_react/heroes/icons/ogre_magi.png?,200,3.25,75,0.0,5.0,25,34,40,23,14,15,3.3,1.5,2.5,150,900,1.7,290,,True,2,84,464869,248619,87.0,152.0,291.0,44152,23434,70728,37834,78155,41381,62912,33585,35198,18756,15593,8199,7071,3751,2471,1312,3030357,0
85,npc_dota_hero_undying,Undying,str,Melee,"['Support', 'Durable', 'Disabler', 'Nuker']",/apps/dota2/images/dota_react/heroes/undying.png?,/apps/dota2/images/dota_react/heroes/icons/undying.png?,200,0.25,75,0.25,1.0,25,35,43,22,10,27,2.8,1.2,2.8,150,900,1.7,300,,True,2,85,143268,76377,111.0,73.0,139.0,19676,10396,28614,14858,28194,14595,21413,10815,11556,5786,5228,2589,2429,1208,806,393,1126381,0
86,npc_dota_hero_rubick,Rubick,int,Ranged,"['Support', 'Disabler', 'Nuker']",/apps/dota2/images/dota_react/heroes/rubick.png?,/apps/dota2/images/dota_react/heroes/icons/rubick.png?,200,0.25,75,0.5,0.0,25,24,30,21,23,25,2.0,2.5,3.1,550,1125,1.7,290,0.7,True,2,86,284833,125125,101.0,126.0,247.0,21571,9495,39445,17408,52778,23917,49743,22542,31930,14564,15380,7155,7099,3300,2632,1239,2172795,0
87,npc_dota_hero_disruptor,Disruptor,int,Ranged,"['Support', 'Disabler', 'Nuker', 'Initiator']",/apps/dota2/images/dota_react/heroes/disruptor.png?,/apps/dota2/images/dota_react/heroes/icons/disruptor.png?,200,0.25,75,0.0,0.0,25,29,33,21,15,20,2.4,1.4,2.9,625,1200,1.7,295,,True,2,87,129469,66395,73.0,92.0,208.0,15887,8050,30953,15917,39125,19984,35064,17975,21558,11214,10578,5442,5113,2554,1965,972,1439129,0
88,npc_dota_hero_nyx_assassin,Nyx Assassin,agi,Melee,"['Disabler', 'Nuker', 'Initiator', 'Escape']",/apps/dota2/images/dota_react/heroes/nyx_assassin.png?,/apps/dota2/images/dota_react/heroes/icons/nyx_assassin.png?,200,2.0,75,0.0,1.0,25,27,31,17,18,21,2.5,2.5,2.1,150,900,1.7,310,,True,6,88,119772,60061,175.0,93.0,194.0,8593,4171,14795,7197,18500,9149,17708,8981,11527,5774,5510,2869,2700,1392,1182,638,858688,0
89,npc_dota_hero_naga_siren,Naga Siren,agi,Melee,"['Carry', 'Support', 'Pusher', 'Disabler', 'Initiator', 'Escape']",/apps/dota2/images/dota_react/heroes/naga_siren.png?,/apps/dota2/images/dota_react/heroes/icons/naga_siren.png?,200,1.5,75,0.0,3.0,25,23,25,21,21,21,2.8,3.3,2.0,150,900,1.7,330,,True,0,89,79807,43887,102.0,18.0,34.0,10454,5579,12266,6435,11625,5988,8770,4532,5173,2663,2483,1259,1305,651,637,343,401287,0
90,npc_dota_hero_keeper_of_the_light,Keeper of the Light,int,Ranged,"['Support', 'Nuker', 'Disabler', 'Jungler']",/apps/dota2/images/dota_react/heroes/keeper_of_the_light.png?,/apps/dota2/images/dota_react/heroes/icons/keeper_of_the_light.png?,200,0.25,75,0.0,0.0,25,18,25,18,15,23,2.3,1.6,3.2,600,900,1.7,330,,True,2,90,101369,45585,13.0,5.0,11.0,8973,4147,14202,6411,16129,7229,13688,6191,7848,3529,3539,1609,1355,641,342,159,842172,0
91,npc_dota_hero_wisp,Io,str,Ranged,"['Support', 'Escape', 'Nuker']",/apps/dota2/images/dota_react/heroes/wisp.png?,/apps/dota2/images/dota_react/heroes/icons/wisp.png?,200,0.25,75,0.0,1.0,25,28,34,17,14,23,3.0,1.6,1.7,500,1200,1.7,320,0.7,True,0,91,77373,37296,466.0,100.0,194.0,8036,3980,11715,5772,13296,6598,12302,6189,8295,4221,4789,2428,2888,1496,1516,838,506469,0
92,npc_dota_hero_visage,Visage,int,Ranged,"['Support', 'Nuker', 'Durable', 'Disabler', 'Pusher']",/apps/dota2/images/dota_react/heroes/visage.png?,/apps/dota2/images/dota_react/heroes/icons/visage.png?,200,0.25,75,0.0,-1.0,25,23,33,22,11,22,2.8,1.3,2.9,600,1400,1.7,285,,True,2,92,32225,14996,50.0,16.0,28.0,2616,1243,3397,1650,4158,1965,3875,1917,3047,1529,1767,933,1077,569,615,326,176740,0
93,npc_dota_hero_slark,Slark,agi,Melee,"['Carry', 'Escape', 'Disabler', 'Nuker']",/apps/dota2/images/dota_react/heroes/slark.png?,/apps/dota2/images/dota_react/heroes/icons/slark.png?,200,1.75,75,0.0,0.0,25,32,40,21,21,16,1.9,1.7,1.7,150,0,1.7,300,0.7,True,2,93,227376,115270,57.0,14.0,33.0,28954,14466,47003,23362,52280,25659,42425,20690,23971,11670,10749,5122,4650,2216,1234,627,2422047,0
94,npc_dota_hero_medusa,Medusa,agi,Ranged,"['Carry', 'Disabler', 'Durable']",/apps/dota2/images/dota_react/heroes/medusa.png?,/apps/dota2/images/dota_react/heroes/icons/medusa.png?,200,0.25,75,0.0,-1.0,25,26,32,17,22,23,1.5,3.4,3.4,600,1200,1.7,275,,True,0,94,156874,84716,566.0,101.0,181.0,21391,11102,33896,17651,36742,18861,28683,14750,15722,8034,7012,3649,3368,1759,1547,817,1563553,0
95,npc_dota_hero_troll_warlord,Troll Warlord,agi,Ranged,"['Carry', 'Pusher', 'Disabler', 'Durable']",/apps/dota2/images/dota_react/heroes/troll_warlord.png?,/apps/dota2/images/dota_react/heroes/icons/troll_warlord.png?,200,0.25,75,0.0,-1.0,25,27,35,21,21,13,2.5,3.3,1.0,500,1200,1.7,290,,True,2,95,138798,74167,99.0,43.0,86.0,16870,8716,18416,9348,17180,8524,12972,6352,6882,3339,3074,1481,1368,662,443,199,697193,0
96,npc_dota_hero_centaur,Centaur Warrunner,str,Melee,"['Durable', 'Initiator', 'Disabler', 'Nuker', 'Escape']",/apps/dota2/images/dota_react/heroes/centaur.png?,/apps/dota2/images/dota_react/heroes/icons/centaur.png?,200,0.25,75,0.0,0.0,25,36,38,27,15,15,4.6,1.0,1.6,150,900,1.7,300,,True,4,96,86411,46664,69.0,29.0,59.0,12168,6453,20912,11034,22875,11968,18120,9342,9773,5020,4113,2111,1682,838,498,266,872449,0
97,npc_dota_hero_magnataur,Magnus,str,Melee,"['Initiator', 'Disabler', 'Nuker', 'Escape']",/apps/dota2/images/dota_react/heroes/magnataur.png?,/apps/dota2/images/dota_react/heroes/icons/magnataur.png?,200,0.5,75,0.0,1.0,25,32,40,25,15,19,3.5,2.5,2.1,150,900,1.8,305,0.8,True,4,97,129589,58126,87.0,23.0,50.0,10366,4687,24557,11332,35840,16763,33711,16034,21050,10024,9610,4529,4188,2020,1212,581,1610874,0
98,npc_dota_hero_shredder,Timbersaw,str,Melee,"['Nuker', 'Durable', 'Escape']",/apps/dota2/images/dota_react/heroes/shredder.png?,/apps/dota2/images/dota_react/heroes/icons/shredder.png?,200,0.25,75,0.5,0.0,25,27,31,24,16,23,3.2,1.6,2.7,150,900,1.7,290,,True,2,98,91076,42329,203.0,48.0,102.0,11108,5181,18443,8670,21540,9899,18723,8761,11194,5004,5438,2494,2717,1254,1145,556,890848,0
99,npc_dota_hero_bristleback,Bristleback,str,Melee,"['Carry', 'Durable', 'Initiator', 'Nuker']",/apps/dota2/images/dota_react/heroes/bristleback.png?,/apps/dota2/images/dota_react/heroes/icons/bristleback.png?,200,0.25,75,0.25,1.0,25,30,36,22,17,14,2.9,1.8,2.8,150,900,1.8,290,0.9,True,2,99,243279,129687,19.0,18.0,28.0,35841,18928,46180,23773,42321,21361,29358,14571,14439,7199,5474,2677,1981,1011,465,202,1853306,0
100,npc_dota_hero_tusk,Tusk,str,Melee,"['Initiator', 'Disabler', 'Nuker']",/apps/dota2/images/dota_react/heroes/tusk.png?,/apps/dota2/images/dota_react/heroes/icons/tusk.png?,200,0.75,75,0.0,1.0,25,27,31,23,23,18,3.9,2.1,1.7,150,900,1.7,315,0.7,True,2,100,129743,59866,13.0,54.0,91.0,9283,4164,16653,7481,20610,9313,18575,8582,11648,5433,5662,2684,2618,1244,1022,495,779915,0
101,npc_dota_hero_skywrath_mage,Skywrath Mage,int,Ranged,"['Support', 'Nuker', 'Disabler']",/apps/dota2/images/dota_react/heroes/skywrath_mage.png?,/apps/dota2/images/dota_react/heroes/icons/skywrath_mage.png?,200,0.25,75,0.0,-2.0,25,16,26,21,13,25,2.0,0.8,4.1,625,1000,1.7,325,,True,2,101,268736,139225,180.0,107.0,217.0,29348,15244,40567,21174,41659,21572,33164,17096,19778,10163,9515,4822,4639,2366,1718,861,1671963,0
102,npc_dota_hero_abaddon,Abaddon,str,Melee,"['Support', 'Carry', 'Durable']",/apps/dota2/images/dota_react/heroes/abaddon.png?,/apps/dota2/images/dota_react/heroes/icons/abaddon.png?,200,1.0,75,0.0,-1.0,25,28,38,22,23,18,2.8,1.5,2.0,150,900,1.7,325,0.6,True,2,102,96560,50555,119.0,94.0,172.0,9035,4706,14599,7418,17376,8986,15167,7807,9526,4893,4445,2216,2069,1036,747,398,783304,0
103,npc_dota_hero_elder_titan,Elder Titan,str,Melee,"['Initiator', 'Disabler', 'Nuker', 'Durable']",/apps/dota2/images/dota_react/heroes/elder_titan.png?,/apps/dota2/images/dota_react/heroes/icons/elder_titan.png?,200,0.25,75,0.0,0.0,25,23,33,26,14,23,3.0,1.8,1.6,150,900,1.7,310,,True,2,103,71160,34241,8.0,15.0,29.0,4515,2144,6919,3318,8368,4020,7426,3688,4784,2352,2390,1177,1162,570,403,189,332266,0
104,npc_dota_hero_legion_commander,Legion Commander,str,Melee,"['Carry', 'Disabler', 'Initiator', 'Durable', 'Nuker']",/apps/dota2/images/dota_react/heroes/legion_commander.png?,/apps/dota2/images/dota_react/heroes/icons/legion_commander.png?,200,0.25,75,0.0,0.0,25,35,39,25,18,20,3.3,1.7,2.2,150,900,1.7,330,,True,2,104,227379,109690,227.0,47.0,111.0,35234,17945,52887,26927,57603,29724,47623,24781,27397,14057,12704,6583,5919,3012,1852,944,2419473,0
105,npc_dota_hero_techies,Techies,int,Ranged,"['Nuker', 'Disabler']",/apps/dota2/images/dota_react/heroes/techies.png?,/apps/dota2/images/dota_react/heroes/icons/techies.png?,200,0.25,75,1.0,5.0,25,9,11,19,14,25,2.5,1.3,3.3,700,900,1.7,320,,True,6,105,169375,72966,87.0,9.0,16.0,25680,12573,33771,16381,34405,16373,26944,12709,14810,6862,6497,2956,2850,1351,918,431,1480796,0
106,npc_dota_hero_ember_spirit,Ember Spirit,agi,Melee,"['Carry', 'Escape', 'Nuker', 'Disabler', 'Initiator']",/apps/dota2/images/dota_react/heroes/ember_spirit.png?,/apps/dota2/images/dota_react/heroes/icons/ember_spirit.png?,200,0.75,75,0.0,-1.0,25,33,37,21,22,20,2.6,2.9,2.2,150,900,1.7,305,,True,2,106,133745,58509,256.0,108.0,213.0,11953,5253,22390,10095,31110,14168,29780,13729,19476,9097,9436,4534,4520,2172,1916,959,1322450,0
107,npc_dota_hero_earth_spirit,Earth Spirit,str,Melee,"['Nuker', 'Escape', 'Disabler', 'Initiator', 'Durable']",/apps/dota2/images/dota_react/heroes/earth_spirit.png?,/apps/dota2/images/dota_react/heroes/icons/earth_spirit.png?,200,0.25,75,0.0,0.0,25,25,35,22,17,20,4.4,2.4,2.1,150,900,1.7,290,,True,2,107,64180,28396,62.0,42.0,89.0,5594,2598,9456,4392,13191,6262,13102,6392,9403,4569,5003,2509,2535,1255,1186,621,597830,0
108,npc_dota_hero_abyssal_underlord,Underlord,str,Melee,"['Support', 'Nuker', 'Disabler', 'Durable', 'Escape']",/apps/dota2/images/dota_react/heroes/abyssal_underlord.png?,/apps/dota2/images/dota_react/heroes/icons/abyssal_underlord.png?,200,0.25,75,0.0,3.0,25,37,43,25,12,17,3.0,1.6,2.3,200,900,1.7,290,,True,2,108,68335,36631,19.0,8.0,31.0,7145,3817,13393,7104,17030,9025,14763,7804,8651,4428,3772,1920,1575,810,379,170,647767,0
109,npc_dota_hero_terrorblade,Terrorblade,agi,Melee,"['Carry', 'Pusher', 'Nuker']",/apps/dota2/images/dota_react/heroes/terrorblade.png?,/apps/dota2/images/dota_react/heroes/icons/terrorblade.png?,200,1.0,75,0.0,5.0,25,30,36,16,22,19,2.0,4.4,1.6,150,900,1.5,315,,True,2,109,92404,45531,304.0,65.0,122.0,8487,3889,11964,5483,13331,6106,11430,5193,6995,3235,3443,1638,1794,833,813,357,626610,0
110,npc_dota_hero_phoenix,Phoenix,str,Ranged,"['Support', 'Nuker', 'Initiator', 'Escape', 'Disabler']",/apps/dota2/images/dota_react/heroes/phoenix.png?,/apps/dota2/images/dota_react/heroes/icons/phoenix.png?,200,1.0,75,0.0,-1.0,25,26,36,23,12,16,3.5,1.3,1.8,525,1100,1.7,280,0.9,True,2,110,69650,32382,18.0,15.0,32.0,5656,2633,10629,4864,14024,6514,12949,6001,8347,3947,3808,1776,1858,891,517,240,587257,0
111,npc_dota_hero_oracle,Oracle,int,Ranged,"['Support', 'Nuker', 'Disabler', 'Escape']",/apps/dota2/images/dota_react/heroes/oracle.png?,/apps/dota2/images/dota_react/heroes/icons/oracle.png?,200,0.25,75,0.5,1.0,25,13,19,20,15,26,2.4,1.7,3.8,620,900,1.7,295,0.7,True,0,111,53492,24456,32.0,16.0,40.0,3984,1752,7579,3545,10714,5040,10989,5124,7480,3527,3687,1727,1871,905,640,325,516942,0
112,npc_dota_hero_winter_wyvern,Winter Wyvern,int,Ranged,"['Support', 'Disabler', 'Nuker']",/apps/dota2/images/dota_react/heroes/winter_wyvern.png?,/apps/dota2/images/dota_react/heroes/icons/winter_wyvern.png?,200,0.25,75,0.0,0.0,25,14,21,24,16,26,2.6,1.7,3.6,425,700,1.7,285,,True,2,112,98170,47993,48.0,20.0,40.0,9582,4605,16929,8162,20570,10101,18142,8957,11335,5677,5744,2924,3095,1591,1125,602,1182721,0
113,npc_dota_hero_arc_warden,Arc Warden,agi,Ranged,"['Carry', 'Escape', 'Nuker']",/apps/dota2/images/dota_react/heroes/arc_warden.png?,/apps/dota2/images/dota_react/heroes/icons/arc_warden.png?,200,0.25,75,0.0,-1.0,25,27,37,22,20,24,2.6,2.5,2.6,625,900,1.7,285,0.7,True,2,113,101678,51397,5.0,0.0,2.0,11008,5355,13987,6952,13742,6998,11110,5754,6923,3526,3181,1618,1247,639,252,139,560795,0
114,npc_dota_hero_monkey_king,Monkey King,agi,Melee,"['Carry', 'Escape', 'Disabler', 'Initiator']",/apps/dota2/images/dota_react/heroes/monkey_king.png?,/apps/dota2/images/dota_react/heroes/icons/monkey_king.png?,200,1.0,75,0.0,2.0,25,29,33,18,22,20,2.8,3.7,1.8,300,900,1.7,300,,True,2,114,207958,95774,596.0,107.0,215.0,25297,11664,35528,16248,40489,18649,35029,16186,22185,10041,11123,5206,5222,2515,2067,965,1971202,0
119,npc_dota_hero_dark_willow,Dark Willow,int,Ranged,"['Support', 'Nuker', 'Disabler', 'Escape']",/apps/dota2/images/dota_react/heroes/dark_willow.png?,/apps/dota2/images/dota_react/heroes/icons/dark_willow.png?,200,0.5,75,0.0,-1.0,25,27,35,20,18,21,2.0,1.6,3.5,475,1200,1.5,290,0.7,True,2,119,198335,101939,127.0,121.0,270.0,17758,8843,25648,12718,29135,14537,25571,12690,15775,7905,7851,3946,3936,2032,1737,894,1237526,0
120,npc_dota_hero_pangolier,Pangolier,agi,Melee,"['Carry', 'Nuker', 'Disabler', 'Durable', 'Escape', 'Initiator']",/apps/dota2/images/dota_react/heroes/pangolier.png?,/apps/dota2/images/dota_react/heroes/icons/pangolier.png?,200,0.25,75,0.0,1.0,25,33,39,17,18,16,2.5,3.2,1.9,150,900,1.7,300,0.9,True,2,120,101046,45408,135.0,71.0,148.0,6040,2785,10945,4945,15734,7307,16639,7773,11870,5729,6401,3029,3430,1686,1473,729,857731,0
121,npc_dota_hero_grimstroke,Grimstroke,int,Ranged,"['Support', 'Nuker', 'Disabler', 'Escape']",/apps/dota2/images/dota_react/heroes/grimstroke.png?,/apps/dota2/images/dota_react/heroes/icons/grimstroke.png?,200,0.25,75,0.0,0.0,25,21,25,21,18,25,2.4,1.9,3.8,600,900,1.7,290,,True,0,121,119312,58421,177.0,154.0,335.0,15430,7538,26703,13176,34264,16989,31731,15600,20290,9804,9991,4845,4949,2376,1839,897,1420198,0
123,npc_dota_hero_hoodwink,Hoodwink,agi,Ranged,"['Support', 'Nuker', 'Escape', 'Disabler']",/apps/dota2/images/dota_react/heroes/hoodwink.png?,/apps/dota2/images/dota_react/heroes/icons/hoodwink.png?,200,0.25,75,0.0,0.0,25,22,29,17,24,21,2.0,3.6,2.9,575,1800,2.0,310,0.9,True,4,123,203284,98867,32.0,55.0,111.0,20419,10069,33086,16264,41835,20602,38089,18958,24334,11977,11572,5672,5474,2645,2129,1015,1648604,0
126,npc_dota_hero_void_spirit,Void Spirit,int,Melee,"['Carry', 'Escape', 'Nuker', 'Disabler']",/apps/dota2/images/dota_react/heroes/void_spirit.png?,/apps/dota2/images/dota_react/heroes/icons/void_spirit.png?,200,0.25,75,0.6,-1.0,25,30,34,22,19,24,2.6,2.2,3.1,200,900,1.7,295,0.7,True,2,126,172232,82068,217.0,100.0,203.0,16088,7793,24432,12056,32361,16240,31452,15874,21611,10831,11444,5800,6086,3096,2485,1252,1401264,0
128,npc_dota_hero_snapfire,Snapfire,str,Ranged,"['Support', 'Nuker', 'Disabler', 'Escape']",/apps/dota2/images/dota_react/heroes/snapfire.png?,/apps/dota2/images/dota_react/heroes/icons/snapfire.png?,200,0.75,75,0.0,1.0,25,26,32,20,16,21,3.5,1.9,2.2,500,1800,1.6,300,,True,2,128,154982,72892,150.0,153.0,335.0,15103,7057,26625,12809,34287,16193,31931,15208,20079,9483,9794,4663,4790,2206,2028,942,1109514,0
129,npc_dota_hero_mars,Mars,str,Melee,"['Carry', 'Initiator', 'Disabler', 'Durable']",/apps/dota2/images/dota_react/heroes/mars.png?,/apps/dota2/images/dota_react/heroes/icons/mars.png?,200,0.25,75,0.5,-1.0,25,29,37,23,20,21,3.4,1.7,2.2,250,900,1.8,310,0.8,True,2,129,108413,50770,550.0,234.0,551.0,12579,5818,24992,11786,34172,15992,34134,15805,23543,11088,12219,5749,6433,3053,2997,1370,1417550,0
135,npc_dota_hero_dawnbreaker,Dawnbreaker,str,Melee,"['Carry', 'Durable']",/apps/dota2/images/dota_react/heroes/dawnbreaker.png?,/apps/dota2/images/dota_react/heroes/icons/dawnbreaker.png?,200,0.25,75,0.0,2.0,25,31,35,26,14,20,3.6,1.7,2.2,150,900,1.7,310,0.6,True,2,135,73770,34875,31.0,39.0,87.0,7953,3797,13357,6601,16477,8027,15304,7493,10046,4933,5012,2519,2509,1249,1081,516,1025741,0
136,npc_dota_hero_marci,Marci,str,Melee,"['Support', 'Carry', 'Initiator', 'Disabler', 'Escape']",/apps/dota2/images/dota_react/heroes/marci.png?,/apps/dota2/images/dota_react/heroes/icons/marci.png?,200,0.25,75,0.5,0.0,25,33,37,23,20,19,3.3,2.4,1.9,150,0,1.7,310,0.9,False,2,136,146298,73143,0.0,,,13154,6467,22924,11548,32087,16234,31740,16213,21895,11477,11682,6117,6207,3276,2778,1471,1219253,0
